{
	"sProcessing":   "A procurar ficheiros...",
	"sLengthMenu":   "Mostrar _MENU_ registos",
	"sZeroRecords":  "A carregar...por favor aguarde. A demora depende da sua conexão. ",
	"sInfo":         "Mostrando de _START_ até _END_ dos totais _TOTAL_ ficheiros.",
	"sInfoEmpty":    "Mostrando de 0 até 0 de 0 registos",
	"sInfoFiltered": "(filtrado de _MAX_ registos no total)",
	"sInfoPostFix":  "",
	"sSearch":       "Procurar ficheiro:",
	"sUrl":          "",
	"oPaginate": {
	    "sFirst":    "Primeiro",
	    "sPrevious": "Anterior",
	    "sNext":     "Seguinte",
	    "sLast":     "Último"
	}
}
